"station","total","year"
"Acton Town",6.040516,"2017"
"Aldgate",8.84694,"2017"
"Aldgate East",13.998292,"2017"
"Alperton",3.05223,"2017"
"Amersham",2.321692,"2017"
"Angel",19.198892,"2017"
"Archway",9.276684,"2017"
"Arnos Grove",4.61274,"2017"
"Arsenal",2.822292,"2017"
"Baker Street",28.784591,"2017"
"Balham",14.30941,"2017"
"Bank & Monument",61.796153,"2017"
"Barbican",11.827212,"2017"
"Barking",18.197474,"2017"
"Barkingside",1.620023,"2017"
"Barons Court",7.119692,"2017"
"Bayswater",4.714236,"2017"
"Becontree",3.637924,"2017"
"Belsize Park",6.238483,"2017"
"Bermondsey",10.641495,"2017"
"Bethnal Green",15.573304,"2017"
"Blackfriars",14.825714,"2017"
"Blackhorse Road",8.999728,"2017"
"Bond Street",38.802673,"2017"
"Borough",5.871328,"2017"
"Boston Manor",2.285827,"2017"
"Bounds Green",6.390179,"2017"
"Bow Road",5.657512,"2017"
"Brent Cross",2.524773,"2017"
"Brixton",32.841962,"2017"
"Bromley-by-Bow",3.750698,"2017"
"Buckhurst Hill",2.30455,"2017"
"Burnt Oak",4.488063,"2017"
"Caledonian Road",5.722818,"2017"
"Camden Town",22.505675,"2017"
"Canada Water",15.101314,"2017"
"Canary Wharf",50.913578,"2017"
"Canning Town",13.280181,"2017"
"Cannon Street",9.388205,"2017"
"Canons Park",3.074005,"2017"
"Chalfont & Latimer",1.667683,"2017"
"Chalk Farm",5.891708,"2017"
"Chancery Lane",17.481342,"2017"
"Charing Cross",19.465727,"2017"
"Chesham",1.133596,"2017"
"Chigwell",0.498916,"2017"
"Chiswick Park",2.24649,"2017"
"Chorleywood",0.750026,"2017"
"Clapham Common",10.485149,"2017"
"Clapham North",6.860362,"2017"
"Clapham South",8.64769,"2017"
"Cockfosters",1.934185,"2017"
"Colindale",7.140161,"2017"
"Colliers Wood",6.697001,"2017"
"Covent Garden",17.540949,"2017"
"Croxley",1.129125,"2017"
"Dagenham East",2.996749,"2017"
"Dagenham Heathway",6.079088,"2017"
"Debden",2.46621,"2017"
"Dollis Hill",4.257616,"2017"
"Ealing Broadway",16.794723,"2017"
"Ealing Common",3.193655,"2017"
"Earl's Court",19.990972,"2017"
"East Acton",4.079654,"2017"
"East Finchley",7.312275,"2017"
"East Ham",14.695682,"2017"
"East Putney",6.183244,"2017"
"Eastcote",3.007893,"2017"
"Edgware",5.282356,"2017"
"Edgware Road (Bak)",4.623646,"2017"
"Edgware Road (Cir)",7.148956,"2017"
"Elephant & Castle",22.102168,"2017"
"Elm Park",3.275938,"2017"
"Embankment",22.130101,"2017"
"Epping",3.973043,"2017"
"Euston",43.073653,"2017"
"Euston Square",14.127298,"2017"
"Fairlop",1.240554,"2017"
"Farringdon",20.136285,"2017"
"Finchley Central",7.200996,"2017"
"Finchley Road",9.627914,"2017"
"Finsbury Park",31.224849,"2017"
"Fulham Broadway",9.63034,"2017"
"Gants Hill",6.831034,"2017"
"Gloucester Road",13.836495,"2017"
"Golders Green",8.410556,"2017"
"Goldhawk Road",2.140068,"2017"
"Goodge Street",7.524287,"2017"
"Grange Hill",0.669495,"2017"
"Great Portland Street",8.081276,"2017"
"Green Park",39.338161,"2017"
"Greenford",4.680897,"2017"
"Gunnersbury",5.705314,"2017"
"Hainault",3.803823,"2017"
"Hammersmith (Dis)",29.305709,"2017"
"Hammersmith (H&C)",10.847256,"2017"
"Hampstead",4.833471,"2017"
"Hanger Lane",3.892732,"2017"
"Harlesden",3.203123,"2017"
"Harrow & Wealdstone",4.833762,"2017"
"Harrow-on-the-Hill",10.964049,"2017"
"Hatton Cross",3.207508,"2017"
"Heathrow Terminal 4",2.289531,"2017"
"Heathrow Terminal 5",4.534733,"2017"
"Heathrow Terminals 123",7.813005,"2017"
"Hendon Central",7.804221,"2017"
"High Barnet",4.26394,"2017"
"High Street Kensington",12.762568,"2017"
"Highbury & Islington",20.09182,"2017"
"Highgate",5.873629,"2017"
"Hillingdon",1.81292,"2017"
"Holborn",32.538456,"2017"
"Holland Park",3.633574,"2017"
"Holloway Road",6.786382,"2017"
"Hornchurch",2.240897,"2017"
"Hounslow Central",3.947268,"2017"
"Hounslow East",4.04493,"2017"
"Hounslow West",3.521328,"2017"
"Hyde Park Corner",5.538477,"2017"
"Ickenham",1.174767,"2017"
"Kennington",5.579359,"2017"
"Kensal Green",2.694458,"2017"
"Kensington (Olympia)",2.013231,"2017"
"Kentish Town",8.350575,"2017"
"Kenton",2.06978,"2017"
"Kew Gardens",4.372539,"2017"
"Kilburn",8.622103,"2017"
"Kilburn Park",3.366554,"2017"
"King's Cross St. Pancras",97.918279,"2017"
"Kingsbury",5.222483,"2017"
"Knightsbridge",17.207249,"2017"
"Ladbroke Grove",5.954918,"2017"
"Lambeth North",3.53279,"2017"
"Lancaster Gate",6.243768,"2017"
"Latimer Road",2.461652,"2017"
"Leicester Square",36.730405,"2017"
"Leyton",13.470556,"2017"
"Leytonstone",10.995907,"2017"
"Liverpool Street",67.740193,"2017"
"London Bridge",69.050668,"2017"
"Loughton",3.583861,"2017"
"Maida Vale",3.286879,"2017"
"Manor House",8.688099,"2017"
"Mansion House",6.405554,"2017"
"Marble Arch",14.001823,"2017"
"Marylebone",13.698392,"2017"
"Mile End",15.749656,"2017"
"Mill Hill East",1.384549,"2017"
"Moor Park",0.937946,"2017"
"Moorgate",26.869763,"2017"
"Morden",10.408689,"2017"
"Mornington Crescent",5.083032,"2017"
"Neasden",3.843843,"2017"
"Newbury Park",5.526725,"2017"
"North Acton",6.788624,"2017"
"North Ealing",0.827387,"2017"
"North Greenwich",28.148668,"2017"
"North Harrow",1.922309,"2017"
"North Wembley",1.774038,"2017"
"Northfields",3.988218,"2017"
"Northolt",5.180144,"2017"
"Northwick Park",4.52341,"2017"
"Northwood",3.037028,"2017"
"Northwood Hills",2.013001,"2017"
"Notting Hill Gate",16.342143,"2017"
"Oakwood",2.890857,"2017"
"Old Street",26.382078,"2017"
"Osterley",2.191283,"2017"
"Oval",7.356993,"2017"
"Oxford Circus",84.090585,"2017"
"Paddington",48.82251,"2017"
"Park Royal",2.024318,"2017"
"Parsons Green",6.760726,"2017"
"Perivale",2.511378,"2017"
"Piccadilly Circus",40.820299,"2017"
"Pimlico",10.971039,"2017"
"Pinner",3.425318,"2017"
"Plaistow",6.128691,"2017"
"Preston Road",3.627298,"2017"
"Putney Bridge",5.384507,"2017"
"Queen's Park",5.650175,"2017"
"Queensbury",4.645218,"2017"
"Queensway",8.52397,"2017"
"Ravenscourt Park",3.212253,"2017"
"Rayners Lane",4.32406,"2017"
"Redbridge",2.942241,"2017"
"Regent's Park",3.611762,"2017"
"Richmond",8.330548,"2017"
"Rickmansworth",2.707446,"2017"
"Roding Valley",0.368413,"2017"
"Royal Oak",2.618054,"2017"
"Ruislip",1.986527,"2017"
"Ruislip Gardens",1.160819,"2017"
"Ruislip Manor",2.038493,"2017"
"Russell Square",11.449159,"2017"
"Seven Sisters",18.328023,"2017"
"Shepherd's Bush (Cen)",22.617667,"2017"
"Shepherd's Bush (H&C)",3.726903,"2017"
"Sloane Square",17.229373,"2017"
"Snaresbrook",2.926192,"2017"
"South Ealing",3.664179,"2017"
"South Harrow",2.218089,"2017"
"South Kensington",33.860299,"2017"
"South Kenton",1.205537,"2017"
"South Ruislip",2.024672,"2017"
"South Wimbledon",4.872696,"2017"
"South Woodford",5.278035,"2017"
"Southfields",6.033479,"2017"
"Southgate",5.588195,"2017"
"Southwark",16.706959,"2017"
"St. James's Park",14.289988,"2017"
"St. John's Wood",7.794856,"2017"
"St. Paul's",17.204583,"2017"
"Stamford Brook",2.691476,"2017"
"Stanmore",3.917004,"2017"
"Stepney Green",6.34114,"2017"
"Stockwell",11.697143,"2017"
"Stonebridge Park",2.535832,"2017"
"Stratford",61.990418,"2017"
"Sudbury Hill",1.883774,"2017"
"Sudbury Town",1.808387,"2017"
"Swiss Cottage",7.759319,"2017"
"Temple",8.946533,"2017"
"Theydon Bois",0.953663,"2017"
"Tooting Bec",8.071822,"2017"
"Tooting Broadway",16.207071,"2017"
"Tottenham Court Road",41.334148,"2017"
"Tottenham Hale",12.470088,"2017"
"Totteridge & Whetstone",2.53789,"2017"
"Tower Hill",21.032731,"2017"
"Tufnell Park",4.112231,"2017"
"Turnham Green",6.155229,"2017"
"Turnpike Lane",10.738451,"2017"
"Upminster",5.51906,"2017"
"Upminster Bridge",1.14538,"2017"
"Upney",2.698064,"2017"
"Upton Park",9.593829,"2017"
"Uxbridge",8.383423,"2017"
"Vauxhall",30.833904,"2017"
"Victoria",79.35934,"2017"
"Walthamstow Central",9.594531,"2017"
"Wanstead",2.953396,"2017"
"Warren Street",20.110864,"2017"
"Warwick Avenue",4.268538,"2017"
"Waterloo",91.270641,"2017"
"Watford",1.858452,"2017"
"Wembley Central",5.927183,"2017"
"Wembley Park",16.583596,"2017"
"West Acton",1.717498,"2017"
"West Brompton",5.877152,"2017"
"West Finchley",1.685284,"2017"
"West Ham",4.407093,"2017"
"West Hampstead",11.798391,"2017"
"West Harrow",1.52755,"2017"
"West Kensington",5.232614,"2017"
"West Ruislip",1.718555,"2017"
"Westbourne Park",4.133956,"2017"
"Westminster",25.595405,"2017"
"White City",8.836322,"2017"
"Whitechapel",13.803686,"2017"
"Willesden Green",8.799173,"2017"
"Willesden Junction",4.680628,"2017"
"Wimbledon",12.613787,"2017"
"Wimbledon Park",2.184663,"2017"
"Wood Green",12.889415,"2017"
"Wood Lane",3.995888,"2017"
"Woodford",5.978701,"2017"
"Woodside Park",3.543131,"2017"
"Acton Town",6.274649,"2016"
"Aldgate",8.009494,"2016"
"Aldgate East",13.43463,"2016"
"Alperton",3.174845,"2016"
"Amersham",2.3607,"2016"
"Angel",20.100806,"2016"
"Archway",9.940993,"2016"
"Arnos Grove",4.645869,"2016"
"Arsenal",3.012524,"2016"
"Baker Street",29.75486,"2016"
"Balham",14.637993,"2016"
"Bank & Monument",64.2622,"2016"
"Barbican",11.973122,"2016"
"Barking",15.86032,"2016"
"Barkingside",1.633262,"2016"
"Barons Court",7.207423,"2016"
"Bayswater",4.756028,"2016"
"Becontree",3.54553,"2016"
"Belsize Park",6.482865,"2016"
"Bermondsey",11.068171,"2016"
"Bethnal Green",16.27234,"2016"
"Blackfriars",15.449362,"2016"
"Blackhorse Road",8.452553,"2016"
"Bond Street",39.52865,"2016"
"Borough",5.873875,"2016"
"Boston Manor",2.322687,"2016"
"Bounds Green",6.61542,"2016"
"Bow Road",5.645547,"2016"
"Brent Cross",2.493412,"2016"
"Brixton",33.460967,"2016"
"Bromley-by-Bow",3.789045,"2016"
"Buckhurst Hill",2.188937,"2016"
"Burnt Oak",4.519973,"2016"
"Caledonian Road",5.725549,"2016"
"Camden Town",22.884901,"2016"
"Canada Water",14.438625,"2016"
"Canary Wharf",54.785734,"2016"
"Canning Town",11.913321,"2016"
"Cannon Street",8.983249,"2016"
"Canons Park",2.925484,"2016"
"Chalfont & Latimer",1.488465,"2016"
"Chalk Farm",5.608603,"2016"
"Chancery Lane",18.189655,"2016"
"Charing Cross",8.126588,"2016"
"Chesham",1.069954,"2016"
"Chigwell",0.531799,"2016"
"Chiswick Park",2.292764,"2016"
"Chorleywood",1.070254,"2016"
"Clapham Common",10.043328,"2016"
"Clapham North",6.903645,"2016"
"Clapham South",8.797066,"2016"
"Cockfosters",2.04008,"2016"
"Colindale",6.227278,"2016"
"Colliers Wood",6.715162,"2016"
"Covent Garden",17.188811,"2016"
"Croxley",1.078029,"2016"
"Dagenham East",2.97644,"2016"
"Dagenham Heathway",6.04369,"2016"
"Debden",2.469953,"2016"
"Dollis Hill",4.180094,"2016"
"Ealing Broadway",18.604788,"2016"
"Ealing Common",3.177674,"2016"
"Earl's Court",19.998114,"2016"
"East Acton",4.122793,"2016"
"East Finchley",7.470306,"2016"
"East Ham",14.746847,"2016"
"East Putney",6.36931,"2016"
"Eastcote",2.943186,"2016"
"Edgware",5.188838,"2016"
"Edgware Road (Bak)",5.006662,"2016"
"Edgware Road (Cir)",6.963367,"2016"
"Elephant & Castle",23.295457,"2016"
"Elm Park",3.096321,"2016"
"Embankment",26.844711,"2016"
"Epping",3.770408,"2016"
"Euston",43.099154,"2016"
"Euston Square",14.395409,"2016"
"Fairlop",1.197309,"2016"
"Farringdon",15.874802,"2016"
"Finchley Central",6.949909,"2016"
"Finchley Road",9.9984,"2016"
"Finsbury Park",32.738968,"2016"
"Fulham Broadway",10.153787,"2016"
"Gants Hill",7.143148,"2016"
"Gloucester Road",13.97504,"2016"
"Golders Green",8.511338,"2016"
"Goldhawk Road",2.12364,"2016"
"Goodge Street",8.463593,"2016"
"Grange Hill",0.663262,"2016"
"Great Portland Street",8.657946,"2016"
"Green Park",41.241175,"2016"
"Greenford",4.80685,"2016"
"Gunnersbury",5.784841,"2016"
"Hainault",3.738019,"2016"
"Hammersmith (Dis)",29.417701,"2016"
"Hammersmith (H&C)",10.56765,"2016"
"Hampstead",4.637096,"2016"
"Hanger Lane",4.095538,"2016"
"Harlesden",3.099292,"2016"
"Harrow & Wealdstone",4.963518,"2016"
"Harrow-on-the-Hill",10.665325,"2016"
"Hatton Cross",3.248674,"2016"
"Heathrow Terminal 4",2.278746,"2016"
"Heathrow Terminal 5",4.452155,"2016"
"Heathrow Terminals 123",7.731054,"2016"
"Hendon Central",8.130263,"2016"
"High Barnet",3.647152,"2016"
"High Street Kensington",13.1032,"2016"
"Highbury & Islington",20.222247,"2016"
"Highgate",5.769258,"2016"
"Hillingdon",1.772004,"2016"
"Holborn",33.956572,"2016"
"Holland Park",3.225381,"2016"
"Holloway Road",6.719981,"2016"
"Hornchurch",2.108498,"2016"
"Hounslow Central",3.825932,"2016"
"Hounslow East",3.870493,"2016"
"Hounslow West",3.545471,"2016"
"Hyde Park Corner",6.310733,"2016"
"Ickenham",1.166906,"2016"
"Kennington",5.592864,"2016"
"Kensal Green",2.724536,"2016"
"Kensington (Olympia)",2.047039,"2016"
"Kentish Town",8.358081,"2016"
"Kenton",2.078584,"2016"
"Kew Gardens",4.176827,"2016"
"Kilburn",8.582187,"2016"
"Kilburn Park",3.428178,"2016"
"King's Cross St. Pancras",95.030793,"2016"
"Kingsbury",5.12253,"2016"
"Knightsbridge",19.086044,"2016"
"Ladbroke Grove",5.801892,"2016"
"Lambeth North",0,"2016"
"Lancaster Gate",7.060983,"2016"
"Latimer Road",2.627529,"2016"
"Leicester Square",37.843681,"2016"
"Leyton",14.331098,"2016"
"Leytonstone",11.300919,"2016"
"Liverpool Street",71.614231,"2016"
"London Bridge",70.735683,"2016"
"Loughton",3.448907,"2016"
"Maida Vale",3.409091,"2016"
"Manor House",9.122653,"2016"
"Mansion House",6.136459,"2016"
"Marble Arch",14.108617,"2016"
"Marylebone",12.948293,"2016"
"Mile End",15.746922,"2016"
"Mill Hill East",1.340993,"2016"
"Moor Park",0.914852,"2016"
"Moorgate",27.565959,"2016"
"Morden",10.056185,"2016"
"Mornington Crescent",5.039573,"2016"
"Neasden",3.749439,"2016"
"Newbury Park",5.429546,"2016"
"North Acton",6.530887,"2016"
"North Ealing",0.905402,"2016"
"North Greenwich",26.452132,"2016"
"North Harrow",1.968198,"2016"
"North Wembley",1.791287,"2016"
"Northfields",3.913283,"2016"
"Northolt",5.157171,"2016"
"Northwick Park",4.651799,"2016"
"Northwood",2.488831,"2016"
"Northwood Hills",1.910904,"2016"
"Notting Hill Gate",17.184657,"2016"
"Oakwood",2.875067,"2016"
"Old Street",25.96655,"2016"
"Osterley",2.315575,"2016"
"Oval",6.447853,"2016"
"Oxford Circus",83.258977,"2016"
"Paddington",49.480436,"2016"
"Park Royal",2.015314,"2016"
"Parsons Green",6.746851,"2016"
"Perivale",2.460144,"2016"
"Piccadilly Circus",41.291525,"2016"
"Pimlico",11.485039,"2016"
"Pinner",3.198703,"2016"
"Plaistow",5.490616,"2016"
"Preston Road",3.308379,"2016"
"Putney Bridge",5.416663,"2016"
"Queen's Park",5.636721,"2016"
"Queensbury",4.675024,"2016"
"Queensway",8.707156,"2016"
"Ravenscourt Park",3.178278,"2016"
"Rayners Lane",4.460978,"2016"
"Redbridge",3.054243,"2016"
"Regent's Park",3.346006,"2016"
"Richmond",8.112159,"2016"
"Rickmansworth",2.455761,"2016"
"Roding Valley",0.367335,"2016"
"Royal Oak",2.545583,"2016"
"Ruislip",1.94897,"2016"
"Ruislip Gardens",1.072221,"2016"
"Ruislip Manor",1.993852,"2016"
"Russell Square",12.345236,"2016"
"Seven Sisters",18.605749,"2016"
"Shepherd's Bush (Cen)",22.848359,"2016"
"Shepherd's Bush (H&C)",3.569302,"2016"
"Sloane Square",17.147936,"2016"
"Snaresbrook",2.694225,"2016"
"South Ealing",3.617189,"2016"
"South Harrow",2.484237,"2016"
"South Kensington",33.603151,"2016"
"South Kenton",1.170483,"2016"
"South Ruislip",1.758094,"2016"
"South Wimbledon",4.759428,"2016"
"South Woodford",5.247294,"2016"
"Southfields",6.275587,"2016"
"Southgate",5.647834,"2016"
"Southwark",17.861867,"2016"
"St. James's Park",14.934536,"2016"
"St. John's Wood",7.791962,"2016"
"St. Paul's",18.422362,"2016"
"Stamford Brook",2.700007,"2016"
"Stanmore",4.040589,"2016"
"Stepney Green",6.411775,"2016"
"Stockwell",11.423478,"2016"
"Stonebridge Park",2.530036,"2016"
"Stratford",67.04727,"2016"
"Sudbury Hill",1.976543,"2016"
"Sudbury Town",1.996547,"2016"
"Swiss Cottage",7.578603,"2016"
"Temple",8.22397,"2016"
"Theydon Bois",0.850065,"2016"
"Tooting Bec",7.922887,"2016"
"Tooting Broadway",15.922071,"2016"
"Tottenham Court Road",39.346254,"2016"
"Tottenham Hale",13.213806,"2016"
"Totteridge & Whetstone",2.232086,"2016"
"Tower Hill",21.834402,"2016"
"Tufnell Park",3.707186,"2016"
"Turnham Green",5.650263,"2016"
"Turnpike Lane",10.857089,"2016"
"Upminster",5.339344,"2016"
"Upminster Bridge",1.159376,"2016"
"Upney",2.719998,"2016"
"Upton Park",10.14162,"2016"
"Uxbridge",8.452417,"2016"
"Vauxhall",32.234468,"2016"
"Victoria",83.501204,"2016"
"Walthamstow Central",22.766326,"2016"
"Wanstead",2.960642,"2016"
"Warren Street",20.346625,"2016"
"Warwick Avenue",4.50626,"2016"
"Waterloo",100.362256,"2016"
"Watford",1.836559,"2016"
"Wembley Central",5.769748,"2016"
"Wembley Park",15.103629,"2016"
"West Acton",1.820883,"2016"
"West Brompton",6.098173,"2016"
"West Finchley",1.665191,"2016"
"West Ham",3.459634,"2016"
"West Hampstead",11.039789,"2016"
"West Harrow",1.489512,"2016"
"West Kensington",5.060671,"2016"
"West Ruislip",1.666851,"2016"
"Westbourne Park",3.978228,"2016"
"Westminster",28.378426,"2016"
"White City",8.953281,"2016"
"Whitechapel",14.369235,"2016"
"Willesden Green",8.972604,"2016"
"Willesden Junction",4.728227,"2016"
"Wimbledon",13.395119,"2016"
"Wimbledon Park",1.893927,"2016"
"Wood Green",13.20413,"2016"
"Wood Lane",3.678778,"2016"
"Woodford",5.692577,"2016"
"Woodside Park",2.869951,"2016"
"Acton Town",6.235045,"2015"
"Aldgate",7.52781,"2015"
"Aldgate East",12.839311,"2015"
"Alperton",3.205455,"2015"
"Amersham",2.287149,"2015"
"Angel",19.756365,"2015"
"Archway",9.794439,"2015"
"Arnos Grove",4.550587,"2015"
"Arsenal",2.802635,"2015"
"Baker Street",29.379132,"2015"
"Balham",14.178948,"2015"
"Bank & Monument",57.512971,"2015"
"Barbican",11.283478,"2015"
"Barking",16.055212,"2015"
"Barkingside",1.406286,"2015"
"Barons Court",7.295186,"2015"
"Bayswater",5.21959,"2015"
"Becontree",3.490288,"2015"
"Belsize Park",6.155599,"2015"
"Bermondsey",10.163683,"2015"
"Bethnal Green",16.164737,"2015"
"Blackfriars",13.702647,"2015"
"Blackhorse Road",8.360092,"2015"
"Bond Street",37.119274,"2015"
"Borough",5.358351,"2015"
"Boston Manor",2.242854,"2015"
"Bounds Green",6.4623,"2015"
"Bow Road",6.102443,"2015"
"Brent Cross",2.566618,"2015"
"Brixton",30.830921,"2015"
"Bromley-by-Bow",3.68584,"2015"
"Buckhurst Hill",2.063838,"2015"
"Burnt Oak",4.383772,"2015"
"Caledonian Road",6.126683,"2015"
"Camden Town",21.898497,"2015"
"Canada Water",12.77743,"2015"
"Canary Wharf",54.441424,"2015"
"Canning Town",10.916031,"2015"
"Cannon Street",7.485065,"2015"
"Canons Park",2.786006,"2015"
"Chalfont & Latimer",1.437534,"2015"
"Chalk Farm",5.752495,"2015"
"Chancery Lane",16.355373,"2015"
"Charing Cross",20.690327,"2015"
"Chesham",0.875261,"2015"
"Chigwell",0.559061,"2015"
"Chiswick Park",2.148469,"2015"
"Chorleywood",1.137678,"2015"
"Clapham Common",10.072099,"2015"
"Clapham North",7.026138,"2015"
"Clapham South",8.584904,"2015"
"Cockfosters",1.847585,"2015"
"Colindale",5.946531,"2015"
"Colliers Wood",6.515664,"2015"
"Covent Garden",14.66925,"2015"
"Croxley",1.059406,"2015"
"Dagenham East",2.858892,"2015"
"Dagenham Heathway",6.065247,"2015"
"Debden",2.4625,"2015"
"Dollis Hill",3.085602,"2015"
"Ealing Broadway",16.840132,"2015"
"Ealing Common",3.516563,"2015"
"Earl's Court",20.501361,"2015"
"East Acton",4.009433,"2015"
"East Finchley",7.342555,"2015"
"East Ham",15.094316,"2015"
"East Putney",5.99512,"2015"
"Eastcote",2.833742,"2015"
"Edgware",4.776513,"2015"
"Edgware Road (Bak)",4.503184,"2015"
"Edgware Road (Cir)",7.210074,"2015"
"Elephant & Castle",19.088917,"2015"
"Elm Park",3.004341,"2015"
"Embankment",21.562479,"2015"
"Epping",3.330335,"2015"
"Euston",42.159332,"2015"
"Euston Square",14.878866,"2015"
"Fairlop",1.134269,"2015"
"Farringdon",23.775738,"2015"
"Finchley Central",5.779925,"2015"
"Finchley Road",9.951123,"2015"
"Finsbury Park",28.847088,"2015"
"Fulham Broadway",10.714422,"2015"
"Gants Hill",6.588251,"2015"
"Gloucester Road",14.203922,"2015"
"Golders Green",8.700123,"2015"
"Goldhawk Road",2.088026,"2015"
"Goodge Street",8.841266,"2015"
"Grange Hill",0.657661,"2015"
"Great Portland Street",8.343311,"2015"
"Green Park",39.552887,"2015"
"Greenford",4.716521,"2015"
"Gunnersbury",5.410585,"2015"
"Hainault",3.607791,"2015"
"Hammersmith (Dis)",28.834401,"2015"
"Hammersmith (H&C)",10.703965,"2015"
"Hampstead",4.557566,"2015"
"Hanger Lane",3.949461,"2015"
"Harlesden",3.007807,"2015"
"Harrow & Wealdstone",5.002877,"2015"
"Harrow-on-the-Hill",10.259516,"2015"
"Hatton Cross",3.199955,"2015"
"Heathrow Terminal 4",2.347501,"2015"
"Heathrow Terminal 5",3.902026,"2015"
"Heathrow Terminals 123",7.489313,"2015"
"Hendon Central",7.970028,"2015"
"High Barnet",3.648827,"2015"
"High Street Kensington",13.36254,"2015"
"Highbury & Islington",18.443978,"2015"
"Highgate",5.482772,"2015"
"Hillingdon",1.856117,"2015"
"Holborn",40.530196,"2015"
"Holland Park",3.366174,"2015"
"Holloway Road",6.728651,"2015"
"Hornchurch",2.023958,"2015"
"Hounslow Central",4.010773,"2015"
"Hounslow East",4.515142,"2015"
"Hounslow West",3.545552,"2015"
"Hyde Park Corner",7.436827,"2015"
"Ickenham",1.190362,"2015"
"Kennington",5.529121,"2015"
"Kensal Green",2.563193,"2015"
"Kensington (Olympia)",2.008711,"2015"
"Kentish Town",10.493555,"2015"
"Kenton",2.116417,"2015"
"Kew Gardens",3.549683,"2015"
"Kilburn",8.269438,"2015"
"Kilburn Park",3.417148,"2015"
"King's Cross St. Pancras",93.413018,"2015"
"Kingsbury",4.968747,"2015"
"Knightsbridge",20.296928,"2015"
"Ladbroke Grove",5.813508,"2015"
"Lambeth North",3.285854,"2015"
"Lancaster Gate",6.293475,"2015"
"Latimer Road",2.572535,"2015"
"Leicester Square",43.745951,"2015"
"Leyton",14.406501,"2015"
"Leytonstone",11.244737,"2015"
"Liverpool Street",73.257321,"2015"
"London Bridge",71.964428,"2015"
"Loughton",3.272688,"2015"
"Maida Vale",3.382758,"2015"
"Manor House",9.275642,"2015"
"Mansion House",5.561213,"2015"
"Marble Arch",15.442682,"2015"
"Marylebone",12.525312,"2015"
"Mile End",16.310716,"2015"
"Mill Hill East",1.318158,"2015"
"Moor Park",0.88639,"2015"
"Moorgate",26.06263,"2015"
"Morden",9.275569,"2015"
"Mornington Crescent",4.531089,"2015"
"Neasden",3.67247,"2015"
"Newbury Park",4.327727,"2015"
"North Acton",6.106253,"2015"
"North Ealing",0.892594,"2015"
"North Greenwich",26.377071,"2015"
"North Harrow",1.937838,"2015"
"North Wembley",1.836732,"2015"
"Northfields",4.080122,"2015"
"Northolt",5.026,"2015"
"Northwick Park",4.588128,"2015"
"Northwood",2.475743,"2015"
"Northwood Hills",1.720439,"2015"
"Notting Hill Gate",16.683962,"2015"
"Oakwood",2.842657,"2015"
"Old Street",25.14351,"2015"
"Osterley",2.350196,"2015"
"Oval",6.968322,"2015"
"Oxford Circus",92.355623,"2015"
"Paddington",49.637302,"2015"
"Park Royal",2.019382,"2015"
"Parsons Green",6.822161,"2015"
"Perivale",2.405584,"2015"
"Piccadilly Circus",42.796831,"2015"
"Pimlico",11.264698,"2015"
"Pinner",3.084213,"2015"
"Plaistow",7.063495,"2015"
"Preston Road",3.427709,"2015"
"Putney Bridge",5.75691,"2015"
"Queen's Park",5.771615,"2015"
"Queensbury",4.525278,"2015"
"Queensway",7.656619,"2015"
"Ravenscourt Park",3.189008,"2015"
"Rayners Lane",4.512905,"2015"
"Redbridge",2.934539,"2015"
"Regent's Park",3.541481,"2015"
"Richmond",8.661325,"2015"
"Rickmansworth",2.442771,"2015"
"Roding Valley",0.260651,"2015"
"Royal Oak",2.491199,"2015"
"Ruislip",1.903105,"2015"
"Ruislip Gardens",1.112623,"2015"
"Ruislip Manor",2.005867,"2015"
"Russell Square",13.328942,"2015"
"Seven Sisters",17.522713,"2015"
"Shepherd's Bush (Cen)",22.257246,"2015"
"Shepherd's Bush (H&C)",3.41259,"2015"
"Sloane Square",17.197513,"2015"
"Snaresbrook",2.674477,"2015"
"South Ealing",3.699819,"2015"
"South Harrow",2.583973,"2015"
"South Kensington",33.869744,"2015"
"South Kenton",0.957195,"2015"
"South Ruislip",1.718085,"2015"
"South Wimbledon",4.57044,"2015"
"South Woodford",5.148679,"2015"
"Southfields",6.173897,"2015"
"Southgate",5.555527,"2015"
"Southwark",17.937654,"2015"
"St. James's Park",15.698186,"2015"
"St. John's Wood",7.879484,"2015"
"St. Paul's",17.371372,"2015"
"Stamford Brook",2.695977,"2015"
"Stanmore",3.973686,"2015"
"Stepney Green",5.846372,"2015"
"Stockwell",11.082161,"2015"
"Stonebridge Park",2.67489,"2015"
"Stratford",61.44263,"2015"
"Sudbury Hill",2.217946,"2015"
"Sudbury Town",2.179203,"2015"
"Swiss Cottage",7.71083,"2015"
"Temple",8.595799,"2015"
"Theydon Bois",0.854702,"2015"
"Tooting Bec",7.933544,"2015"
"Tooting Broadway",15.737978,"2015"
"Tottenham Court Road",16.2498,"2015"
"Tottenham Hale",11.954313,"2015"
"Totteridge & Whetstone",2.33448,"2015"
"Tower Hill",22.176713,"2015"
"Tufnell Park",0,"2015"
"Turnham Green",6.445923,"2015"
"Turnpike Lane",10.790301,"2015"
"Upminster",5.140645,"2015"
"Upminster Bridge",1.146772,"2015"
"Upney",2.684747,"2015"
"Upton Park",11.413623,"2015"
"Uxbridge",8.341531,"2015"
"Vauxhall",26.834959,"2015"
"Victoria",82.88556,"2015"
"Walthamstow Central",18.333582,"2015"
"Wanstead",2.90356,"2015"
"Warren Street",19.917362,"2015"
"Warwick Avenue",4.501822,"2015"
"Waterloo",95.138374,"2015"
"Watford",1.845823,"2015"
"Wembley Central",5.789849,"2015"
"Wembley Park",14.542576,"2015"
"West Acton",1.736847,"2015"
"West Brompton",5.168452,"2015"
"West Finchley",1.613941,"2015"
"West Ham",3.814553,"2015"
"West Hampstead",11.160117,"2015"
"West Harrow",1.329655,"2015"
"West Kensington",5.321523,"2015"
"West Ruislip",1.564634,"2015"
"Westbourne Park",3.79496,"2015"
"Westminster",25.614455,"2015"
"White City",7.704418,"2015"
"Whitechapel",11.702345,"2015"
"Willesden Green",8.960771,"2015"
"Willesden Junction",4.597796,"2015"
"Wimbledon",15.631389,"2015"
"Wimbledon Park",1.821025,"2015"
"Wood Green",13.18919,"2015"
"Wood Lane",3.698414,"2015"
"Woodford",6.034086,"2015"
"Woodside Park",2.816775,"2015"
"Acton Town",6.059017,"2014"
"Aldgate",7.221566,"2014"
"Aldgate East",12.248009,"2014"
"Alperton",3.171235,"2014"
"Amersham",2.439993,"2014"
"Angel",19.217171,"2014"
"Archway",8.943726,"2014"
"Arnos Grove",4.713904,"2014"
"Arsenal",2.900614,"2014"
"Baker Street",32.175422,"2014"
"Balham",13.471439,"2014"
"Bank & Monument",52.306067,"2014"
"Barbican",11.444738,"2014"
"Barking",15.592496,"2014"
"Barkingside",1.351966,"2014"
"Barons Court",7.500664,"2014"
"Bayswater",5.691226,"2014"
"Becontree",3.395647,"2014"
"Belsize Park",5.927817,"2014"
"Bermondsey",9.379438,"2014"
"Bethnal Green",16.076636,"2014"
"Blackfriars",13.142562,"2014"
"Blackhorse Road",8.633193,"2014"
"Bond Street",19.799777,"2014"
"Borough",5.309004,"2014"
"Boston Manor",2.278211,"2014"
"Bounds Green",6.564869,"2014"
"Bow Road",5.765573,"2014"
"Brent Cross",2.400107,"2014"
"Brixton",29.373458,"2014"
"Bromley-by-Bow",3.414885,"2014"
"Buckhurst Hill",2.061303,"2014"
"Burnt Oak",4.083381,"2014"
"Caledonian Road",6.003408,"2014"
"Camden Town",23.369124,"2014"
"Canada Water",11.814216,"2014"
"Canary Wharf",51.809003,"2014"
"Canning Town",10.100164,"2014"
"Cannon Street",5.299813,"2014"
"Canons Park",2.597229,"2014"
"Chalfont & Latimer",1.47694,"2014"
"Chalk Farm",5.893313,"2014"
"Chancery Lane",16.59209,"2014"
"Charing Cross",21.301822,"2014"
"Chesham",0.813242,"2014"
"Chigwell",0.534259,"2014"
"Chiswick Park",2.394985,"2014"
"Chorleywood",1.056777,"2014"
"Clapham Common",8.938345,"2014"
"Clapham North",6.66832,"2014"
"Clapham South",8.470361,"2014"
"Cockfosters",1.945096,"2014"
"Colindale",5.397362,"2014"
"Colliers Wood",6.312901,"2014"
"Covent Garden",15.382692,"2014"
"Croxley",1.030296,"2014"
"Dagenham East",2.662063,"2014"
"Dagenham Heathway",5.800005,"2014"
"Debden",2.476133,"2014"
"Dollis Hill",3.079019,"2014"
"Ealing Broadway",17.380138,"2014"
"Ealing Common",3.569884,"2014"
"Earl's Court",22.005021,"2014"
"East Acton",4.016859,"2014"
"East Finchley",7.323942,"2014"
"East Ham",14.816407,"2014"
"East Putney",6.140774,"2014"
"Eastcote",2.75817,"2014"
"Edgware",4.585383,"2014"
"Edgware Road (Bak)",4.261079,"2014"
"Edgware Road (Cir)",7.330752,"2014"
"Elephant & Castle",18.482055,"2014"
"Elm Park",2.992367,"2014"
"Embankment",19.661756,"2014"
"Epping",3.071273,"2014"
"Euston",41.331265,"2014"
"Euston Square",14.32844,"2014"
"Fairlop",1.088742,"2014"
"Farringdon",23.628728,"2014"
"Finchley Central",5.676484,"2014"
"Finchley Road",10.061287,"2014"
"Finsbury Park",27.995495,"2014"
"Fulham Broadway",10.766495,"2014"
"Gants Hill",6.560896,"2014"
"Gloucester Road",11.963929,"2014"
"Golders Green",8.250104,"2014"
"Goldhawk Road",2.09514,"2014"
"Goodge Street",8.378694,"2014"
"Grange Hill",0.600016,"2014"
"Great Portland Street",8.427474,"2014"
"Green Park",39.830418,"2014"
"Greenford",4.629465,"2014"
"Gunnersbury",5.411649,"2014"
"Hainault",3.481574,"2014"
"Hammersmith (Dis)",29.261687,"2014"
"Hammersmith (H&C)",9.719084,"2014"
"Hampstead",4.364454,"2014"
"Hanger Lane",3.843017,"2014"
"Harlesden",2.773017,"2014"
"Harrow & Wealdstone",4.512161,"2014"
"Harrow-on-the-Hill",9.868855,"2014"
"Hatton Cross",3.223047,"2014"
"Heathrow Terminal 4",7.655649,"2014"
"Heathrow Terminal 5",2.125674,"2014"
"Heathrow Terminals 123",4.222451,"2014"
"Hendon Central",7.404483,"2014"
"High Barnet",3.234777,"2014"
"High Street Kensington",13.784783,"2014"
"Highbury & Islington",18.283137,"2014"
"Highgate",5.042899,"2014"
"Hillingdon",1.798747,"2014"
"Holborn",36.315818,"2014"
"Holland Park",3.161254,"2014"
"Holloway Road",6.662884,"2014"
"Hornchurch",2.145267,"2014"
"Hounslow Central",4.009715,"2014"
"Hounslow East",4.666573,"2014"
"Hounslow West",3.610222,"2014"
"Hyde Park Corner",5.836879,"2014"
"Ickenham",1.155563,"2014"
"Kennington",4.958303,"2014"
"Kensal Green",2.279364,"2014"
"Kensington (Olympia)",1.947507,"2014"
"Kentish Town",7.719158,"2014"
"Kenton",1.957589,"2014"
"Kew Gardens",3.561549,"2014"
"Kilburn",7.865471,"2014"
"Kilburn Park",3.381792,"2014"
"King's Cross St. Pancras",91.984534,"2014"
"Kingsbury",4.586917,"2014"
"Knightsbridge",21.471485,"2014"
"Ladbroke Grove",6.077566,"2014"
"Lambeth North",3.571716,"2014"
"Lancaster Gate",6.551701,"2014"
"Latimer Road",2.38974,"2014"
"Leicester Square",43.314547,"2014"
"Leyton",14.067249,"2014"
"Leytonstone",11.054539,"2014"
"Liverpool Street",73.661457,"2014"
"London Bridge",74.976665,"2014"
"Loughton",3.255416,"2014"
"Maida Vale",3.448597,"2014"
"Manor House",9.392025,"2014"
"Mansion House",6.195631,"2014"
"Marble Arch",16.106113,"2014"
"Marylebone",13.295479,"2014"
"Mile End",15.596293,"2014"
"Mill Hill East",1.286493,"2014"
"Moor Park",0.88642,"2014"
"Moorgate",25.895151,"2014"
"Morden",8.617393,"2014"
"Mornington Crescent",4.756065,"2014"
"Neasden",3.4139,"2014"
"Newbury Park",4.61901,"2014"
"North Acton",5.678995,"2014"
"North Ealing",0.894137,"2014"
"North Greenwich",24.272586,"2014"
"North Harrow",1.816014,"2014"
"North Wembley",1.660434,"2014"
"Northfields",4.210924,"2014"
"Northolt",4.992642,"2014"
"Northwick Park",4.440388,"2014"
"Northwood",2.462889,"2014"
"Northwood Hills",1.629043,"2014"
"Notting Hill Gate",17.400155,"2014"
"Oakwood",2.935164,"2014"
"Old Street",23.27652,"2014"
"Osterley",2.458246,"2014"
"Oval",6.397929,"2014"
"Oxford Circus",98.51163,"2014"
"Paddington",49.283385,"2014"
"Park Royal",1.976904,"2014"
"Parsons Green",6.799064,"2014"
"Perivale",2.337555,"2014"
"Piccadilly Circus",42.932327,"2014"
"Pimlico",11.419311,"2014"
"Pinner",2.837149,"2014"
"Plaistow",6.786121,"2014"
"Preston Road",3.474593,"2014"
"Putney Bridge",5.932349,"2014"
"Queen's Park",5.84412,"2014"
"Queensbury",4.195103,"2014"
"Queensway",7.588751,"2014"
"Ravenscourt Park",2.907957,"2014"
"Rayners Lane",4.371243,"2014"
"Redbridge",2.908558,"2014"
"Regent's Park",3.711179,"2014"
"Richmond",8.448615,"2014"
"Rickmansworth",2.419354,"2014"
"Roding Valley",0.255057,"2014"
"Royal Oak",2.703935,"2014"
"Ruislip",1.895875,"2014"
"Ruislip Gardens",1.08414,"2014"
"Ruislip Manor",1.975295,"2014"
"Russell Square",13.076625,"2014"
"Seven Sisters",15.968957,"2014"
"Shepherd's Bush (Cen)",22.869844,"2014"
"Shepherd's Bush (H&C)",3.66277,"2014"
"Sloane Square",16.761977,"2014"
"Snaresbrook",2.781855,"2014"
"South Ealing",3.70036,"2014"
"South Harrow",2.503648,"2014"
"South Kensington",36.461844,"2014"
"South Kenton",1.102908,"2014"
"South Ruislip",1.760835,"2014"
"South Wimbledon",4.280132,"2014"
"South Woodford",5.03135,"2014"
"Southfields",6.13411,"2014"
"Southgate",5.633661,"2014"
"Southwark",14.145874,"2014"
"St. James's Park",15.730145,"2014"
"St. John's Wood",7.61757,"2014"
"St. Paul's",17.538974,"2014"
"Stamford Brook",2.672587,"2014"
"Stanmore",3.891298,"2014"
"Stepney Green",5.427571,"2014"
"Stockwell",10.520406,"2014"
"Stonebridge Park",2.610664,"2014"
"Stratford",59.30832,"2014"
"Sudbury Hill",2.211298,"2014"
"Sudbury Town",2.103309,"2014"
"Swiss Cottage",7.282024,"2014"
"Temple",8.135916,"2014"
"Theydon Bois",0.849834,"2014"
"Tooting Bec",7.557957,"2014"
"Tooting Broadway",15.114746,"2014"
"Tottenham Court Road",36.762272,"2014"
"Tottenham Hale",11.911123,"2014"
"Totteridge & Whetstone",2.241508,"2014"
"Tower Hill",26.323869,"2014"
"Tufnell Park",3.939313,"2014"
"Turnham Green",6.459118,"2014"
"Turnpike Lane",10.768249,"2014"
"Upminster",5.156093,"2014"
"Upminster Bridge",1.142293,"2014"
"Upney",2.529793,"2014"
"Upton Park",11.41445,"2014"
"Uxbridge",8.074587,"2014"
"Vauxhall",27.509234,"2014"
"Victoria",86.730599,"2014"
"Walthamstow Central",18.052543,"2014"
"Wanstead",3.089871,"2014"
"Warren Street",19.405419,"2014"
"Warwick Avenue",4.508957,"2014"
"Waterloo",91.491846,"2014"
"Watford",1.756514,"2014"
"Wembley Central",5.52462,"2014"
"Wembley Park",14.108508,"2014"
"West Acton",1.665631,"2014"
"West Brompton",4.470979,"2014"
"West Finchley",1.536049,"2014"
"West Ham",3.508528,"2014"
"West Hampstead",10.590656,"2014"
"West Harrow",1.201513,"2014"
"West Kensington",5.13572,"2014"
"West Ruislip",1.558431,"2014"
"Westbourne Park",3.727735,"2014"
"Westminster",26.032437,"2014"
"White City",7.514462,"2014"
"Whitechapel",12.890831,"2014"
"Willesden Green",8.819034,"2014"
"Willesden Junction",4.503851,"2014"
"Wimbledon",15.298628,"2014"
"Wimbledon Park",1.807402,"2014"
"Wood Green",13.352231,"2014"
"Wood Lane",3.982886,"2014"
"Woodford",5.870341,"2014"
"Woodside Park",2.646926,"2014"
"Acton Town",5.748994,"2013"
"Aldgate",6.877712,"2013"
"Aldgate East",11.663144,"2013"
"Alperton",2.956888,"2013"
"Amersham",2.041139,"2013"
"Angel",18.930868,"2013"
"Archway",8.169486,"2013"
"Arnos Grove",4.479004,"2013"
"Arsenal",3.091593,"2013"
"Baker Street",28.097997,"2013"
"Balham",12.05132,"2013"
"Bank & Monument",48.884756,"2013"
"Barbican",10.464425,"2013"
"Barking",15.224058,"2013"
"Barkingside",1.241272,"2013"
"Barons Court",7.155458,"2013"
"Bayswater",5.493688,"2013"
"Becontree",3.039868,"2013"
"Belsize Park",5.842725,"2013"
"Bermondsey",8.639504,"2013"
"Bethnal Green",15.272389,"2013"
"Blackfriars",12.087967,"2013"
"Blackhorse Road",7.8983,"2013"
"Bond Street",39.648205,"2013"
"Borough",4.88756,"2013"
"Boston Manor",2.077572,"2013"
"Bounds Green",6.161808,"2013"
"Bow Road",5.601781,"2013"
"Brent Cross",2.135435,"2013"
"Brixton",27.221964,"2013"
"Bromley-by-Bow",3.210211,"2013"
"Buckhurst Hill",1.943928,"2013"
"Burnt Oak",3.614445,"2013"
"Caledonian Road",5.939278,"2013"
"Camden Town",22.515351,"2013"
"Canada Water",11.557722,"2013"
"Canary Wharf",50.046631,"2013"
"Canning Town",9.784093,"2013"
"Cannon Street",4.644524,"2013"
"Canons Park",2.378098,"2013"
"Chalfont & Latimer",1.111515,"2013"
"Chalk Farm",5.550362,"2013"
"Chancery Lane",16.523655,"2013"
"Charing Cross",18.634461,"2013"
"Chesham",0.68984,"2013"
"Chigwell",0.520702,"2013"
"Chiswick Park",2.123339,"2013"
"Chorleywood",0.985762,"2013"
"Clapham Common",8.938504,"2013"
"Clapham North",6.169702,"2013"
"Clapham South",7.584358,"2013"
"Cockfosters",1.969644,"2013"
"Colindale",4.536889,"2013"
"Colliers Wood",5.786354,"2013"
"Covent Garden",21.16535,"2013"
"Croxley",0.921058,"2013"
"Dagenham East",2.418659,"2013"
"Dagenham Heathway",5.156354,"2013"
"Debden",2.298091,"2013"
"Dollis Hill",3.23181,"2013"
"Ealing Broadway",16.640278,"2013"
"Ealing Common",3.340949,"2013"
"Earl's Court",21.266746,"2013"
"East Acton",3.881384,"2013"
"East Finchley",6.558418,"2013"
"East Ham",13.581725,"2013"
"East Putney",5.652154,"2013"
"Eastcote",2.628771,"2013"
"Edgware",4.090187,"2013"
"Edgware Road (Bak)",0,"2013"
"Edgware Road (Cir)",8.194415,"2013"
"Elephant & Castle",17.674326,"2013"
"Elm Park",2.628329,"2013"
"Embankment",20.151962,"2013"
"Epping",3.144293,"2013"
"Euston",38.026531,"2013"
"Euston Square",12.358617,"2013"
"Fairlop",0.966835,"2013"
"Farringdon",21.764657,"2013"
"Finchley Central",5.332385,"2013"
"Finchley Road",9.8988,"2013"
"Finsbury Park",27.072271,"2013"
"Fulham Broadway",9.944627,"2013"
"Gants Hill",5.986579,"2013"
"Gloucester Road",14.912967,"2013"
"Golders Green",7.397006,"2013"
"Goldhawk Road",1.793796,"2013"
"Goodge Street",8.229689,"2013"
"Grange Hill",0.562391,"2013"
"Great Portland Street",7.57796,"2013"
"Green Park",35.459916,"2013"
"Greenford",4.346343,"2013"
"Gunnersbury",4.553739,"2013"
"Hainault",3.146946,"2013"
"Hammersmith (Dis)",29.286237,"2013"
"Hammersmith (H&C)",8.957266,"2013"
"Hampstead",4.285503,"2013"
"Hanger Lane",3.629301,"2013"
"Harlesden",2.603902,"2013"
"Harrow & Wealdstone",4.659489,"2013"
"Harrow-on-the-Hill",9.205889,"2013"
"Hatton Cross",3.076485,"2013"
"Heathrow Terminal 4",2.427793,"2013"
"Heathrow Terminal 5",4.047773,"2013"
"Heathrow Terminals 123",8.143722,"2013"
"Hendon Central",6.843039,"2013"
"High Barnet",2.796356,"2013"
"High Street Kensington",13.45877,"2013"
"Highbury & Islington",18.134071,"2013"
"Highgate",4.637186,"2013"
"Hillingdon",1.634164,"2013"
"Holborn",34.022691,"2013"
"Holland Park",3.393821,"2013"
"Holloway Road",7.146236,"2013"
"Hornchurch",1.988632,"2013"
"Hounslow Central",3.929167,"2013"
"Hounslow East",4.34098,"2013"
"Hounslow West",3.337658,"2013"
"Hyde Park Corner",5.8027855,"2013"
"Ickenham",1.073393,"2013"
"Kennington",4.679885,"2013"
"Kensal Green",2.562212,"2013"
"Kensington (Olympia)",1.876505,"2013"
"Kentish Town",6.44958,"2013"
"Kenton",2.017375,"2013"
"Kew Gardens",3.522717,"2013"
"Kilburn",7.790047,"2013"
"Kilburn Park",3.480874,"2013"
"King's Cross St. Pancras",84.8668228005952,"2013"
"Kingsbury",4.117979,"2013"
"Knightsbridge",21.469435,"2013"
"Ladbroke Grove",5.665472,"2013"
"Lambeth North",3.023974,"2013"
"Lancaster Gate",6.7946,"2013"
"Latimer Road",2.192582,"2013"
"Leicester Square",38.5967,"2013"
"Leyton",13.531459,"2013"
"Leytonstone",10.379073,"2013"
"Liverpool Street",67.893591,"2013"
"London Bridge",69.884482,"2013"
"Loughton",3.166344,"2013"
"Maida Vale",3.347805,"2013"
"Manor House",9.259062,"2013"
"Mansion House",5.769586,"2013"
"Marble Arch",16.361603,"2013"
"Marylebone",13.3983,"2013"
"Mile End",14.370438,"2013"
"Mill Hill East",1.16533,"2013"
"Moor Park",0.824391,"2013"
"Moorgate",21.3812492496,"2013"
"Morden",7.696341,"2013"
"Mornington Crescent",4.651775,"2013"
"Neasden",3.107451,"2013"
"Newbury Park",4.395879,"2013"
"North Acton",5.465012,"2013"
"North Ealing",0.860944,"2013"
"North Greenwich",22.398063,"2013"
"North Harrow",1.685908,"2013"
"North Wembley",1.647314,"2013"
"Northfields",4.102498,"2013"
"Northolt",4.611479,"2013"
"Northwick Park",3.946956,"2013"
"Northwood",2.280491,"2013"
"Northwood Hills",1.483623,"2013"
"Notting Hill Gate",17.394388,"2013"
"Oakwood",2.785115,"2013"
"Old Street",21.855888,"2013"
"Osterley",2.317893,"2013"
"Oval",5.911952,"2013"
"Oxford Circus",85.246928,"2013"
"Paddington",49.710749,"2013"
"Park Royal",1.643912,"2013"
"Parsons Green",6.452463,"2013"
"Perivale",2.243955,"2013"
"Piccadilly Circus",41.703911,"2013"
"Pimlico",10.212959,"2013"
"Pinner",2.606534,"2013"
"Plaistow",6.246718,"2013"
"Preston Road",3.154183,"2013"
"Putney Bridge",5.923504,"2013"
"Queen's Park",5.578067,"2013"
"Queensbury",3.853332,"2013"
"Queensway",8.575808,"2013"
"Ravenscourt Park",2.76742,"2013"
"Rayners Lane",4.081729,"2013"
"Redbridge",2.672035,"2013"
"Regent's Park",3.794744,"2013"
"Richmond",7.953442,"2013"
"Rickmansworth",2.243984,"2013"
"Roding Valley",0.235697,"2013"
"Royal Oak",2.431149,"2013"
"Ruislip",1.713378,"2013"
"Ruislip Gardens",1.003184,"2013"
"Ruislip Manor",1.7744,"2013"
"Russell Square",12.951499,"2013"
"Seven Sisters",14.46444,"2013"
"Shepherd's Bush (Cen)",22.872181,"2013"
"Shepherd's Bush (H&C)",3.438569,"2013"
"Sloane Square",16.56026,"2013"
"Snaresbrook",2.588391,"2013"
"South Ealing",3.476673,"2013"
"South Harrow",2.287706,"2013"
"South Kensington",32.751295,"2013"
"South Kenton",1.022501,"2013"
"South Ruislip",1.766082,"2013"
"South Wimbledon",3.788099,"2013"
"South Woodford",4.590459,"2013"
"Southfields",5.789944,"2013"
"Southgate",5.386357,"2013"
"Southwark",13.457338,"2013"
"St. James's Park",14.726104,"2013"
"St. John's Wood",7.269493,"2013"
"St. Paul's",16.439099,"2013"
"Stamford Brook",2.664997,"2013"
"Stanmore",3.542897,"2013"
"Stepney Green",5.002409,"2013"
"Stockwell",9.424813,"2013"
"Stonebridge Park",2.544366,"2013"
"Stratford",54.503326,"2013"
"Sudbury Hill",2.007949,"2013"
"Sudbury Town",1.979322,"2013"
"Swiss Cottage",7.834077,"2013"
"Temple",7.922122,"2013"
"Theydon Bois",0.823919,"2013"
"Tooting Bec",6.901892,"2013"
"Tooting Broadway",13.505007,"2013"
"Tottenham Court Road",38.063296,"2013"
"Tottenham Hale",10.320809,"2013"
"Totteridge & Whetstone",1.95073,"2013"
"Tower Hill",23.414868,"2013"
"Tufnell Park",3.939656,"2013"
"Turnham Green",6.195486,"2013"
"Turnpike Lane",10.291376,"2013"
"Upminster",4.95976,"2013"
"Upminster Bridge",1.10376,"2013"
"Upney",2.296702,"2013"
"Upton Park",10.480206,"2013"
"Uxbridge",7.58743,"2013"
"Vauxhall",25.146161,"2013"
"Victoria",84.582132,"2013"
"Walthamstow Central",16.681073,"2013"
"Wanstead",2.732853,"2013"
"Warren Street",17.596565,"2013"
"Warwick Avenue",4.622339,"2013"
"Waterloo",89.398131,"2013"
"Watford",1.655119,"2013"
"Wembley Central",4.592227,"2013"
"Wembley Park",11.735107,"2013"
"West Acton",1.692583,"2013"
"West Brompton",4.610447,"2013"
"West Finchley",1.370913,"2013"
"West Ham",3.400895,"2013"
"West Hampstead",10.159492,"2013"
"West Harrow",1.130886,"2013"
"West Kensington",5.040507,"2013"
"West Ruislip",1.600225,"2013"
"Westbourne Park",3.734232,"2013"
"Westminster",23.501317,"2013"
"White City",7.221772,"2013"
"Whitechapel",14.448854,"2013"
"Willesden Green",8.560802,"2013"
"Willesden Junction",4.170593,"2013"
"Wimbledon",14.195582,"2013"
"Wimbledon Park",2.128289,"2013"
"Wood Green",12.4425,"2013"
"Wood Lane",3.444011,"2013"
"Woodford",5.585475,"2013"
"Woodside Park",2.633565,"2013"
